,Name,image_link,tickets_url,start_date,start_time,end_date,end_time,venue,address_1,address_2,organizer,organizer_url,url
0,Money Expo India 2023,https://img.evbuc.com/https%3A%2F%2Fcdn.evbuc.com%2Fimages%2F444862499%2F1394200320313%2F1%2Foriginal.20230213-054456?w=512&auto=format%2Ccompress&q=75&sharp=10&rect=0%2C0%2C1200%2C600&s=5f077de2efa38fca69811aecdec575cd,https://www.eventbrite.com/checkout-external?eid=545740904737,2023-08-12,10:00,2023-08-13,18:00,Jio World Convention Centre,"G Block, Bandra Kurla Complex","Bandra East, Mumbai, Maharashtra",Trasol Events,https://www.eventbrite.com/o/trasol-events-60774281733,https://www.eventbrite.com/e/money-expo-india-2023-tickets-545740904737
1,Mumbai Startup Meetup,https://img.evbuc.com/https%3A%2F%2Fcdn.evbuc.com%2Fimages%2F528524549%2F3865663544%2F1%2Foriginal.20230603-181848?w=512&auto=format%2Ccompress&q=75&sharp=10&rect=0%2C83%2C1600%2C800&s=e35aaf2dcb0730c3f6f3b992ab004661,https://www.eventbrite.com/checkout-external?eid=649782816897,2023-06-10,11:00,2023-06-10,13:00,DevX,Andheri - Kurla Road,,eChai Mumbai Startup Network,https://www.eventbrite.com/o/echai-mumbai-startup-network-26547370817,https://www.eventbrite.com/e/mumbai-startup-meetup-tickets-649782816897
2,"ICAI Startup SPhere on 27-28th June, 2023 at Jio World Centre, BKC, Mumbai",https://img.evbuc.com/https%3A%2F%2Fcdn.evbuc.com%2Fimages%2F531726769%2F1567439162513%2F1%2Foriginal.20230608-041847?w=512&auto=format%2Ccompress&q=75&sharp=10&rect=377%2C0%2C800%2C400&s=85aead337999b9bb34ef59e43cd737ab,https://www.eventbrite.com/checkout-external?eid=640477614787,2023-06-27,10:00,2023-06-28,18:00,Jio World Convention Centre,Jio World Convention Centre,"World Jio Centre, Bandra Kurla Complex (BKC), Bandra (East) Mumbai",ICAI,https://www.eventbrite.sg/o/icai-66232352643,https://www.eventbrite.sg/e/icai-startup-sphere-on-27-28th-june-2023-at-jio-world-centre-bkc-mumbai-tickets-640477614787
3,SCPC-Henkel dx Hackathon 2023,https://img.evbuc.com/https%3A%2F%2Fcdn.evbuc.com%2Fimages%2F523912229%2F1078559966703%2F1%2Foriginal.20230527-175016?w=512&auto=format%2Ccompress&q=75&sharp=10&rect=0%2C0%2C2480%2C1240&s=f90d91b5b992bbb7e73984c09d7d92c4,https://www.eventbrite.com/checkout-external?eid=644419214217,2023-06-23,08:30,2023-06-23,13:00,S. P. Jain Institute of Management and Research,"Andheri West,",,SCPC & Henkel dx,https://www.eventbrite.com/o/scpc-amp-henkel-dx-66496146363,https://www.eventbrite.com/e/scpc-henkel-dx-hackathon-2023-tickets-644419214217
4,"Fashion Affair | 16 - 17 June [ Hotel Tulip Star, Juhu, Mumbai ]",https://img.evbuc.com/https%3A%2F%2Fcdn.evbuc.com%2Fimages%2F514800139%2F301698109321%2F1%2Foriginal.20230515-111858?w=512&auto=format%2Ccompress&q=75&sharp=10&rect=0%2C0%2C1920%2C960&s=f5179050de6186b88f3f95785225ec23,https://www.eventbrite.com/checkout-external?eid=636461803387,2023-06-16,11:00,2023-06-17,20:00,Tulip Star Hotel,23-B Vaikunthlal Mehta Road,,Affairs Events & Exhibitions,https://www.eventbrite.com/o/affairs-events-amp-exhibitions-19973012211,https://www.eventbrite.com/e/fashion-affair-16-17-june-hotel-tulip-star-juhu-mumbai-tickets-636461803387
5,100 Successful Women in Business Convention & Awards Mumbai-India,https://img.evbuc.com/https%3A%2F%2Fcdn.evbuc.com%2Fimages%2F468159759%2F284564926733%2F1%2Foriginal.20230314-012503?w=512&auto=format%2Ccompress&q=75&sharp=10&rect=0%2C0%2C2160%2C1080&s=669c807fb70fd479e988a9b899a028ae,https://www.eventbrite.com/checkout-external?eid=483980748447,2023-12-06,10:00,2023-12-10,18:00,India,111,,Global Trade Chamber,https://www.eventbrite.com/o/global-trade-chamber-18291590073,https://www.eventbrite.com/e/100-successful-women-in-business-convention-awards-mumbai-india-tickets-483980748447
6,Sailors' Cafe OpenMic Mondays,https://img.evbuc.com/https%3A%2F%2Fcdn.evbuc.com%2Fimages%2F204477909%2F748871147423%2F1%2Foriginal.20211224-055644?w=512&auto=format%2Ccompress&q=75&sharp=10&rect=0%2C539%2C1080%2C540&s=e32ebc474a602514cdc4ff3ba3cfc035,https://www.eventbrite.com/checkout-external?eid=488371220467,2023-06-12,20:00,2023-06-12,22:00,Sailors' Cafe,Shop 9 Bellevista CHS Sector 15 Belapur,,Sailors' Cafe,https://www.eventbrite.com/o/sailors-cafe-39373880253,https://www.eventbrite.com/e/sailors-cafe-openmic-mondays-tickets-488371220467
7,Maharashtra Moving Forward: Fifteen Legal Reforms for the State,https://img.evbuc.com/https%3A%2F%2Fcdn.evbuc.com%2Fimages%2F524429539%2F1578622541993%2F1%2Foriginal.20230529-092358?w=512&auto=format%2Ccompress&q=75&sharp=10&rect=0%2C0%2C1370%2C685&s=959acc98d1850750059efe1fdc297cab,https://www.eventbrite.com/checkout-external?eid=645200370677,2023-06-09,17:00,2023-06-09,19:30,Yashwantrao Chavan Centre.,7/8 General Jagannath Bhosle Road,,Vidhi Centre for Legal Policy,https://www.eventbrite.com/o/vidhi-centre-for-legal-policy-66534905793,https://www.eventbrite.com/e/maharashtra-moving-forward-fifteen-legal-reforms-for-the-state-tickets-645200370677
8,"ICAI Startup SPhere on 27-28th June, 2023 at Jio World Centre, Mumbai",https://img.evbuc.com/https%3A%2F%2Fcdn.evbuc.com%2Fimages%2F524991939%2F1567439162513%2F1%2Foriginal.20230530-083945?w=512&auto=format%2Ccompress&q=75&sharp=10&rect=0%2C736%2C3000%2C1500&s=cd8258f277e4ffa2bcf2a7618316deed,https://www.eventbrite.com/checkout-external?eid=642006327207,2023-06-27,10:00,2023-06-28,18:00,Jio World Convention Centre,Jio World Convention Centre,"World Jio Centre, Bandra Kurla Complex (BKC), Bandra (East) Mumbai",ICAI,https://www.eventbrite.sg/o/icai-66232352643,https://www.eventbrite.sg/e/icai-startup-sphere-on-27-28th-june-2023-at-jio-world-centre-mumbai-tickets-642006327207
9,Unveiling the Latest Trends in Fashion: Join Us at Fashion Affair Expo,https://img.evbuc.com/https%3A%2F%2Fcdn.evbuc.com%2Fimages%2F506641689%2F301698109321%2F1%2Foriginal.20230503-141820?w=512&auto=format%2Ccompress&q=75&sharp=10&rect=0%2C23%2C1922%2C961&s=2e284985080820cf33086ff10741bfdf,https://www.eventbrite.com/checkout-external?eid=630080005257,2023-06-09,11:00,2023-06-11,19:00,World Trade Center Mumbai,World Trade Center,Cuffe Parade,Affairs Events & Exhibitions,https://www.eventbrite.com/o/affairs-events-amp-exhibitions-19973012211,https://www.eventbrite.com/e/unveiling-the-latest-trends-in-fashion-join-us-at-fashion-affair-expo-tickets-630080005257
10,Portfolio photographers in india,https://img.evbuc.com/https%3A%2F%2Fcdn.evbuc.com%2Fimages%2F512256629%2F460039656348%2F1%2Foriginal.20230510-214308?w=512&auto=format%2Ccompress&q=75&sharp=10&rect=517%2C0%2C926%2C463&s=351914a515af648719a31815f62cbd6e,https://www.eventbrite.com/checkout-external?eid=634270188207,2023-06-20,19:00,2023-06-20,22:00,Gyan Kendra Secondary School,"A-1, Surya Kiran, Model Town",,A Rrajani,https://www.eventbrite.com/o/a-rrajani-30712049920,https://www.eventbrite.com/e/portfolio-photographers-in-india-tickets-634270188207
11,JEWELLERY WORLD EXHIBITION,https://img.evbuc.com/https%3A%2F%2Fcdn.evbuc.com%2Fimages%2F417663579%2F797663167373%2F1%2Foriginal.20230104-071109?w=512&auto=format%2Ccompress&q=75&sharp=10&rect=0%2C260%2C1042%2C521&s=6d3b154013134250b16c4b9304c785cc,https://www.eventbrite.com/checkout-external?eid=504272682167,2023-07-21,22:00,2023-07-24,05:00,The St. Regis Mumbai,462 Senapati Bapat Marg,,Insignia Exhibitions & Events,https://www.eventbrite.com/o/insignia-exhibitions-amp-events-41131628963,https://www.eventbrite.com/e/jewellery-world-exhibition-tickets-504272682167
12,How to Improve Your Memory - Mumbai,https://img.evbuc.com/https%3A%2F%2Fcdn.evbuc.com%2Fimages%2F409246279%2F768571642273%2F1%2Foriginal.jpg?w=512&auto=format%2Ccompress&q=75&sharp=10&rect=0%2C0%2C2160%2C1080&s=7e4f71281e6edb1fe4596714d1ffeb3f,https://www.eventbrite.com/checkout-external?eid=487969137827,2023-06-14,20:30,2023-06-14,21:30,Mumbai,[ONLINE EVENT],,Iris Reading,https://www.eventbrite.com/o/iris-reading-58158045383,https://www.eventbrite.com/e/how-to-improve-your-memory-mumbai-tickets-487969137827
13,Harmonise Your Life: Lessons from Music,https://img.evbuc.com/https%3A%2F%2Fcdn.evbuc.com%2Fimages%2F474911269%2F213611455990%2F1%2Foriginal.20230322-094735?w=512&auto=format%2Ccompress&q=75&sharp=10&rect=0%2C183%2C1748%2C874&s=5e12779c16e71b9e0551b71397bcae73,https://www.eventbrite.com/checkout-external?eid=596641459667,2023-06-24,18:00,2023-06-24,20:00,New Acropolis Cultural Organization,Shahid Bhagat Singh Road,,New Acropolis India ,https://www.eventbrite.com/o/new-acropolis-india-30948762389,https://www.eventbrite.com/e/harmonise-your-life-lessons-from-music-tickets-596641459667
14,Canada Immigration - Live Q&A (Mumbai),https://img.evbuc.com/https%3A%2F%2Fcdn.evbuc.com%2Fimages%2F469463529%2F1432415879683%2F1%2Foriginal.20230315-105940?w=512&auto=format%2Ccompress&q=75&sharp=10&rect=0%2C0%2C2160%2C1080&s=7fff008a51378ebe99b3166c1fd12d83,https://www.eventbrite.com/checkout-external?eid=626103541547,2023-06-15,21:30,2023-06-15,22:30,Online over ZOOM,28-B Western Express Highway,,HIC Immigration Consulting Inc.,https://www.eventbrite.com/o/hic-immigration-consulting-inc-63853728013,https://www.eventbrite.com/e/canada-immigration-live-qa-mumbai-tickets-626103541547
15,Free Career Empowerment & Meditation Class - Mumbai,https://img.evbuc.com/https%3A%2F%2Fcdn.evbuc.com%2Fimages%2F355757199%2F572555648333%2F1%2Foriginal.20220916-140501?w=512&auto=format%2Ccompress&q=75&sharp=10&rect=0%2C0%2C2160%2C1080&s=4557572ea790d750fa4213c70104244b,https://www.eventbrite.com/checkout-external?eid=556648660127,2023-06-10,06:00,2023-06-10,07:00,Online via Zoom,See Confirmation Email for Zoom Link,,Become Butterfly,https://www.eventbrite.com/o/become-butterfly-34346634153,https://www.eventbrite.com/e/free-career-empowerment-meditation-class-mumbai-tickets-556648660127
16,Investing in Innovation - Online Webinar,https://img.evbuc.com/https%3A%2F%2Fcdn.evbuc.com%2Fimages%2F524449059%2F326000112825%2F1%2Foriginal.20230529-102420?w=512&auto=format%2Ccompress&q=75&sharp=10&rect=0%2C0%2C2160%2C1080&s=fe4e17d7a54056b383669356bcadec4e,https://www.eventbrite.com/checkout-external?eid=645898859877,2023-06-13,16:00,2023-06-13,17:15,Online Webinar Mumbai,Mumbai,,The Atlantic Society - Private Member's Group,https://www.eventbrite.co.uk/o/the-atlantic-society-private-members-group-26229658289,https://www.eventbrite.co.uk/e/investing-in-innovation-online-webinar-tickets-645898859877
17,Speed Reading Crash Course - Mumbai,https://img.evbuc.com/https%3A%2F%2Fcdn.evbuc.com%2Fimages%2F408904039%2F768571642273%2F1%2Foriginal.jpg?w=512&auto=format%2Ccompress&q=75&sharp=10&rect=0%2C0%2C2160%2C1080&s=7748db42f63d1661fbb214f3aee62b31,https://www.eventbrite.com/checkout-external?eid=487231892707,2023-06-13,20:30,2023-06-13,21:30,Mumbai,[ONLINE EVENT],,Iris Reading,https://www.eventbrite.com/o/iris-reading-58158045383,https://www.eventbrite.com/e/speed-reading-crash-course-mumbai-tickets-487231892707
18,ONLINE : Free Meditation course -- Mumbai. Experience the peace & balance,https://img.evbuc.com/https%3A%2F%2Fcdn.evbuc.com%2Fimages%2F145648637%2F250110139773%2F1%2Foriginal.20210826-063353?w=512&auto=format%2Ccompress&q=75&sharp=10&rect=175%2C0%2C700%2C350&s=3c1d157355100e95d7d117a0c9446050,https://www.eventbrite.com/checkout-external?eid=168535663707,2023-06-10,21:00,2023-06-10,22:00,Online - Zoom,https://us02web.zoom.us/j/5587014223?pwd=S2xiMmd2Zk1nMDkwUFRBL2c5NEVVQT09,,We Meditate,https://www.eventbrite.com/o/we-meditate-34316778617,https://www.eventbrite.com/e/online-free-meditation-course-mumbai-experience-the-peace-balance-tickets-168535663707
19,Tree Plantation & Restoration Drive,https://img.evbuc.com/https%3A%2F%2Fcdn.evbuc.com%2Fimages%2F525839049%2F1297865715663%2F1%2Foriginal.20230531-060755?w=512&auto=format%2Ccompress&q=75&sharp=10&rect=0%2C10%2C1316%2C658&s=7ed576ef94dbfede31696508234f90d0,https://www.eventbrite.com/checkout-external?eid=638521052657,2023-06-11,07:30,2023-06-11,10:30,Picnic Point Garden,Aarey Road,#Unit 25,ConnectFor,https://www.eventbrite.com/o/connectfor-57764741393,https://www.eventbrite.com/e/tree-plantation-restoration-drive-tickets-638521052657
